[
  {
    "uuid": "11111111-1111-1111-1111-111111111111",
    "name": "Bruschetta",
    "description": "Grilled bread rubbed with garlic, topped with diced tomatoes, basil, and olive oil.",
    "type": ["appetizer"],
    "price": 8.5,
    "ingredients": ["bread", "tomatoes", "garlic", "basil", "olive oil"],
    "allergens": [],
    "dietary_restrictions": ["vegetarian", "vegan"],
    "substitutions": [],
    "image_url": "https://via.placeholder.com/150",
    "notes": "A classic Italian starter."
  },
  {
    "uuid": "11111111-1111-1111-1111-111111111112",
    "name": "Grilled Chicken",
    "description": "Juicy grilled chicken breast with herbs.",
    "type": ["entrée"],
    "price": 15.0,
    "ingredients": ["chicken", "herbs", "lemon", "olive oil"],
    "allergens": [],
    "dietary_restrictions": ["gluten-free", "paleo"],
    "substitutions": [],
    "image_url": "https://via.placeholder.com/150",
    "notes": ""
  },
  {
    "uuid": "11111111-1111-1111-1111-111111111113",
    "name": "Mashed Potatoes",
    "description": "Creamy mashed potatoes with butter and cream.",
    "type": ["side"],
    "price": 5.0,
    "ingredients": ["potatoes", "butter", "cream", "salt"],
    "allergens": ["Milk"],
    "dietary_restrictions": ["vegetarian", "gluten-free"],
    "substitutions": ["Milk"],
    "image_url": "https://via.placeholder.com/150",
    "notes": ""
  },
  {
    "uuid": "11111111-1111-1111-1111-111111111114",
    "name": "Caesar Salad",
    "description": "Fresh romaine with Caesar dressing, croutons, and Parmesan.",
    "type": ["salad"],
    "price": 7.5,
    "ingredients": ["romaine", "croutons", "Parmesan", "dressing"],
    "allergens": ["Milk", "Wheat"],
    "dietary_restrictions": ["vegetarian"],
    "substitutions": ["Milk", "Wheat"],
    "image_url": "https://via.placeholder.com/150",
    "notes": ""
  },
  {
    "uuid": "11111111-1111-1111-1111-111111111115",
    "name": "Tomato Soup",
    "description": "Rich and creamy tomato soup served hot.",
    "type": ["soup"],
    "price": 6.0,
    "ingredients": ["tomatoes", "cream", "onion", "garlic"],
    "allergens": ["Milk"],
    "dietary_restrictions": ["vegetarian", "gluten-free"],
    "substitutions": ["Milk"],
    "image_url": "https://via.placeholder.com/150",
    "notes": "Seasonal special."
  },
  {
    "uuid": "11111111-1111-1111-1111-111111111116",
    "name": "Club Sandwich",
    "description": "Triple-decker sandwich with turkey, bacon, lettuce, and tomato.",
    "type": ["sandwich/wrap"],
    "price": 10.0,
    "ingredients": ["turkey", "bacon", "lettuce", "tomato", "bread"],
    "allergens": ["Wheat"],
    "dietary_restrictions": [],
    "substitutions": ["Wheat"],
    "image_url": "https://via.placeholder.com/150",
    "notes": ""
  },
  {
    "uuid": "11111111-1111-1111-1111-111111111117",
    "name": "Cheesecake",
    "description": "Creamy New York style cheesecake with a graham cracker crust.",
    "type": ["dessert"],
    "price": 7.0,
    "ingredients": ["cream cheese", "sugar", "eggs", "graham crackers"],
    "allergens": ["Milk", "Eggs", "Wheat"],
    "dietary_restrictions": ["vegetarian"],
    "substitutions": ["Milk", "Eggs", "Wheat"],
    "image_url": "https://via.placeholder.com/150",
    "notes": "Served with a berry compote."
  },
  {
    "uuid": "11111111-1111-1111-1111-111111111118",
    "name": "Chef's Special Pasta",
    "description": "Seasonal pasta dish with a unique chef-inspired sauce.",
    "type": ["special"],
    "price": 16.0,
    "ingredients": ["pasta", "seasonal vegetables", "sauce"],
    "allergens": ["Wheat"],
    "dietary_restrictions": ["vegetarian"],
    "substitutions": ["Wheat"],
    "image_url": "https://via.placeholder.com/150",
    "notes": "Ask your server for details."
  },
  {
    "uuid": "11111111-1111-1111-1111-111111111119",
    "name": "Herb-Crusted Salmon",
    "description": "Delicious salmon with an herb crust, served with lemon butter sauce.",
    "type": ["entrée"],
    "price": 18.0,
    "ingredients": ["salmon", "herbs", "lemon", "butter", "breadcrumbs"],
    "allergens": ["Fish", "Milk", "Wheat"],
    "dietary_restrictions": ["pescatarian"],
    "substitutions": ["Milk", "Wheat"],
    "image_url": "https://via.placeholder.com/150",
    "notes": "Fresh and seasonal."
  },
  {
    "uuid": "11111111-1111-1111-1111-11111111111a",
    "name": "Steamed Broccoli",
    "description": "Lightly steamed broccoli florets seasoned with salt and olive oil.",
    "type": ["side"],
    "price": 4.5,
    "ingredients": ["broccoli", "salt", "olive oil"],
    "allergens": [],
    "dietary_restrictions": ["vegan", "vegetarian", "gluten-free", "paleo"],
    "substitutions": [],
    "image_url": "https://via.placeholder.com/150",
    "notes": "A healthy side option."
  },
  {
    "uuid": "11111111-1111-1111-1111-11111111111b",
    "name": "Greek Salad",
    "description": "Crisp lettuce, tomatoes, cucumbers, olives, and feta cheese tossed in a light vinaigrette.",
    "type": ["salad"],
    "price": 8.0,
    "ingredients": ["lettuce", "tomatoes", "cucumbers", "olives", "feta cheese"],
    "allergens": ["Milk"],
    "dietary_restrictions": ["vegetarian", "gluten-free"],
    "substitutions": ["Milk"],
    "image_url": "https://via.placeholder.com/150",
    "notes": "Refreshing and tangy."
  },
  {
    "uuid": "11111111-1111-1111-1111-11111111111c",
    "name": "Beef Burger",
    "description": "Juicy grilled beef burger with cheddar cheese, served with lettuce, tomato, and pickles.",
    "type": ["entrée"],
    "price": 12.0,
    "ingredients": ["beef patty", "cheddar", "lettuce", "tomato", "pickles", "bun"],
    "allergens": ["Wheat", "Milk"],
    "dietary_restrictions": [],
    "substitutions": ["Wheat", "Milk"],
    "image_url": "https://via.placeholder.com/150",
    "notes": "A classic favorite."
  },
  {
    "uuid": "11111111-1111-1111-1111-11111111111d",
    "name": "Veggie Wrap",
    "description": "A whole wheat wrap filled with hummus, avocado, and mixed greens.",
    "type": ["sandwich/wrap"],
    "price": 9.0,
    "ingredients": ["whole wheat wrap", "hummus", "avocado", "mixed greens"],
    "allergens": ["Wheat"],
    "dietary_restrictions": ["vegetarian", "vegan"],
    "substitutions": ["Wheat"],
    "image_url": "https://via.placeholder.com/150",
    "notes": "A light and healthy option."
  },
  {
    "uuid": "11111111-1111-1111-1111-11111111111e",
    "name": "Chocolate Lava Cake",
    "description": "Warm chocolate cake with a gooey, molten center, served with vanilla ice cream.",
    "type": ["dessert"],
    "price": 8.5,
    "ingredients": ["chocolate", "flour", "eggs", "sugar", "butter"],
    "allergens": ["Wheat", "Milk", "Eggs"],
    "dietary_restrictions": ["vegetarian"],
    "substitutions": ["Wheat", "Milk", "Eggs"],
    "image_url": "https://via.placeholder.com/150",
    "notes": "Decadent and rich."
  },
  {
    "uuid": "11111111-1111-1111-1111-11111111111f",
    "name": "Spicy Tuna Roll",
    "description": "Fresh tuna mixed with spicy mayo, rolled with rice and seaweed.",
    "type": ["special"],
    "price": 11.0,
    "ingredients": ["tuna", "spicy mayo", "rice", "seaweed"],
    "allergens": ["Fish", "Wheat"],
    "dietary_restrictions": ["pescatarian"],
    "substitutions": ["Fish", "Wheat"],
    "image_url": "https://via.placeholder.com/150",
    "notes": "A sushi specialty."
  },
  {
    "uuid": "123e4567-e89b-12d3-a456-426614174000",
    "restaurant_uuid": "987e6543-e21b-12d3-a456-426614174999",
    "name": "Vegan Pad Thai",
    "description": "A delicious vegan version of the classic Thai noodle dish.",
    "type": ["Main Course", "Noodles"],
    "price": 12.99,
    "ingredients": ["Rice noodles", "Tofu", "Peanuts", "Bean sprouts", "Tamarind sauce"],
    "accommodations": ["No Peanuts", "Extra Tofu"],
    "allergens": ["Nut", "Soy"],
    "temperature": "Hot",
    "dietary_restrictions": {
      "health": ["Gluten", "Nut"],
      "belief": ["Halal"],
      "lifestyle": ["Vegan", "Vegetarian"]
    },
    "can_substitute": true,
    "substitutions": "Tofu can be replaced with mushrooms.",
    "substitution_notes": "Let us know if you have any allergies.",
    "image_url": "https://example.com/images/vegan-pad-thai.jpg",
    "notes": "Customer favorite!",
    "status": true,
    "createdAt": "2024-06-01T12:00:00.000Z",
    "updatedAt": "2024-06-01T12:00:00.000Z"
  },
  {
    "uuid": "223e4567-e89b-12d3-a456-426614174001",
    "restaurant_uuid": "987e6543-e21b-12d3-a456-426614174999",
    "name": "Grilled Salmon",
    "description": "Fresh salmon fillet grilled to perfection.",
    "type": ["Main Course", "Seafood"],
    "price": 18.50,
    "ingredients": ["Salmon", "Lemon", "Herbs", "Olive oil"],
    "accommodations": ["No Lemon"],
    "allergens": ["Fish"],
    "temperature": "Hot",
    "dietary_restrictions": {
      "health": ["Dairy"],
      "belief": ["Kosher"],
      "lifestyle": ["Pescatarian"]
    },
    "can_substitute": false,
    "substitutions": "",
    "substitution_notes": "",
    "image_url": "https://example.com/images/grilled-salmon.jpg",
    "notes": "Best served medium.",
    "status": true,
    "createdAt": "2024-06-01T12:00:00.000Z",
    "updatedAt": "2024-06-01T12:00:00.000Z"
  }
]
